studyId,pmid,pmcid,doi,status,errmsg
,15128893,PMC13024878,,elink,
,15128894,PMC13035714,,elink,
,16080176,PMC13068913,,elink,
,16905242,PMC12823531,,elink,
,19176454,PMC2724854,,elink,
,19735873,PMC3038688,,elink,
,19931738,PMC10779418,,elink,
,21217399,PMC12754300,,elink,
,21685461,PMC13026153,,elink,
,23770567,PMC3919509,,elink,
,23999436,PMC3754257,,elink,
,26143202,PMC4965359,,elink,
,26270858,PMC13071787,,elink,
,26738797,PMC4794335,,elink,
,26978244,PMC4792175,,elink,
,27154913,PMC4930691,,elink,
,27389358,PMC4936733,,elink,
,27698471,PMC5059467,,elink,
,27806376,PMC5465819,,elink,
,27826200,PMC5096771,,elink,
,28045614,PMC5455151,,elink,
,28068239,PMC12589057,,elink,
,28506693,PMC13018616,,elink,
,28885881,PMC13074180,,elink,
,29674595,PMC5949869,,elink,
,29898992,PMC6532976,,elink,
,29902176,PMC6002019,,elink,
,30280985,PMC6322391,,elink,
,30375502,PMC12955807,,elink,
,30397353,PMC6286242,,elink,
,30471129,PMC7792987,,elink,
,31015133,PMC6598851,,elink,
,31192355,PMC13041475,,elink,
,31307024,PMC13018616,,elink,
,31327527,PMC6703186,,elink,
,31732968,PMC8177718,,elink,
,32141618,PMC7762616,,elink,
,32302564,PMC7286095,,elink,
,32407878,PMC13050307,,elink,
,32663469,PMC7479515,,elink,
,32683683,PMC7722002,,elink,
,32800803,PMC13016702,,elink,
,32946775,PMC13013432,,elink,
,33305538,PMC7856512,,elink,
,33598943,PMC13018616,,elink,
,33704353,PMC7953335,,elink,
,33820781,PMC8338789,,elink,
,34090651,PMC8189311,,elink,
,34493726,PMC8423786,,elink,
,34556866,PMC13044936,,elink,
,35831494,PMC13060679,,elink,
,37059065,PMC10511214,,elink,
,37115507,PMC10687742,,elink,
,37119971,PMC10220275,,elink,
,37646491,PMC11747767,,elink,
,37939844,PMC12993423,,elink,
,38780927,PMC11117153,,elink,
,7799047,PMC13062811,,elink,
