old_pmid,new_pmid,pmcid,doi,year,journal,title,title_match,false_study_ids,datasets_dropped,datasets_kept
21909114,40720765,PMC12550706,10.1182/bloodadvances.2025016897,2025,Blood advances,Somatic mutations in STAG2 are associated with separated megakaryocyte nuclear lobes in myelodysplastic syndromes,1.0,mds_tokyo_2011,mds_tokyo_2011,
22037554,41049615,PMC12489181,10.34133/research.0908,2025,"Research (Washington, D.C.)",ARID1A Governs Genomic Stability and Proliferation in SCLC via c-MYC/PARP1 Suppression Driving Vulnerability to BET Inhibitors,1.0,stad_uhongkong,,
22138691,40834854,PMC12432380,10.1016/j.xcrm.2025.102299,2025,Cell reports. Medicine,AI-driven multimodal algorithm predicts immunotherapy and targeted therapy outcomes in clear cell renal cell carcinoma,1.0,kirc_bgi,,
22158541,41055979,PMC12541443,10.1073/pnas.2505374122,2025,Proceedings of the National Academy of Sciences of the United States of America,Distinct and convergent effects of SF3B1 mutations in human breast cancer,1.0,cllsll_icgc_2011,,
22367537,41063451,PMC12508281,10.1002/jev2.70177,2025,Journal of extracellular vesicles,Novel Strategy for Acquiring Metabolically-Tagged Nascent Extracellular Vesicles: Implications for Identifying Surface Protein Markers of Extracellular Vesicles From Neuroblastoma Cells Cultured With Native Serum,1.0,nbl_amc_2012,nbl_amc_2012,
22634756,41112515,PMC12529571,10.1016/j.livres.2025.09.002,2025,"Liver research (Beijing, China)",Hepatitis B virus integration and hepatocarcinogenesis,1.0,lihc_riken,lihc_riken,
23797736,41102155,PMC12533196,10.1038/s41467-025-64214-3,2025,Nature communications,HIFα isoform specific activities drive cell-type specificity of VHL-associated oncogenesis,1.0,ccrcc_utokyo_2013,ccrcc_utokyo_2013,
24418857,39760648,PMC11834963,10.1097/PAS.0000000000002349,2025,The American journal of surgical pathology,Molecular Profiling of Sinonasal Adenoid Cystic Carcinoma: Canonical and Noncanonical Gene Fusions and Mutation,1.0,acyc_fmi_2014,,
24670651,41096729,PMC12524419,10.3390/ijms26199457,2025,International journal of molecular sciences,Exploring the Diagnostic and Predictive Value of Oral Microbiome in Esophageal Cancer: A Systematic Review and Meta-Analysis,1.0,escc_icgc,,
24735922,25369299,PMC12261305,10.1055/s-0034-1394137,2014,Seminars in liver disease,Molecular profiling of liver tumors: classification and clinical translation for decision making,1.0,liad_inserm_fr_2014,,
24798001,30061739,PMC12452113,10.1038/s41571-018-0073-4,2018,Nature reviews. Clinical oncology,Molecular therapies and precision medicine for hepatocellular carcinoma,1.0,lihc_amc_prv,lihc_amc_prv,
24816253,41002403,PMC12468435,10.3390/cells14181439,2025,Cells,Divergent Morphologies and Common Signaling Features of Active and Inactive Oncogenic RHOA Mutants in Yeast,1.0,stad_pfizer_uhongkong,,
24816255,41097736,PMC12523349,10.3390/cancers17193209,2025,Cancers,"Familial Non-Hereditary Gastric Cancer: Diagnosis, Management, Molecular Characteristics and Future Perspective",1.0,stad_utokyo,,
24952746,41002550,PMC12468275,10.3390/curroncol32090479,2025,"Current oncology (Toronto, Ont.)",Novel Therapeutic Development for Nasopharyngeal Carcinoma,1.0,npc_nusingapore,,
24997986,40830485,PMC12363069,10.1186/s13062-025-00683-2,2025,Biology direct,Matrix stiffness induced gallbladder fibroblasts activation and paracrine SEMA7A promotes gallbladder cancer cell epithelial-mesenchymal transition and cancer stem cell-like properties by modulating AKT/p300 signalling,1.0,gbc_shanghai_2014,,
25186949,41136396,PMC12552549,10.1038/s41467-025-64475-y,2025,Nature communications,"EWS::FLI1 expression in human embryonic mesenchymal stem cells leads to transcriptional reprograming, defective DNA damage repair and Ewing sarcoma",1.0,es_dfarber_broad_2014,,
25526346,41008893,PMC12468851,10.3390/cancers17183052,2025,Cancers,Chronic Liver Disease Associated Cholangiocarcinoma: Genomic Insights and Precision Therapeutic Strategies,1.0,ihch_smmu_2014,,
25608663,41018102,PMC12463604,10.3389/fonc.2025.1646897,2025,Frontiers in oncology,"Targeting the gut-liver axis in cholangiocarcinoma: mechanisms, therapeutic advances, and future directions",1.0,ihch_ismms_2015,,
26200345,40694421,PMC12487679,10.1172/jci.insight.184280,2025,JCI insight,SF3B1 mutation accelerates the development of CLL via activation of the mTOR pathway,1.0,cll_iuopa_2015,,
26437033,41000773,PMC12458290,10.1101/2025.09.15.675961,2025,bioRxiv : the preprint server for biology,Rat somatic genome editing enables ER+ breast cancer modeling,1.0,bfn_duke_nus_2015,,
26950094,40317189,PMC12448954,10.1093/bjd/ljaf173,2025,The British journal of dermatology,Mutation burden of narrowband ultraviolet B phototherapy (NB-UVB) in human skin: relevance to NB-UVB lifetime exposures and skin cancer surveillance,1.0,bcc_unige_2016,bcc_unige_2016,
27346245,40958859,PMC12433863,10.3389/fonc.2025.1614463,2025,Frontiers in oncology,A profile of lung cancer in the young population with a highlight on the Indian perspective,1.0,nsclc_unito_2016,nsclc_unito_2016,
27634761,38480799,PMC10937974,10.1038/s42003-024-05981-5,2024,Communications biology,A platform-independent AI tumor lineage and site (ATLAS) classifier,1.0,lung_smc_2016,,lung_smc_2016
28068672,41071892,PMC12513462,10.1126/sciadv.adw7989,2025,Science advances,Targeting the ATM-TRMT10A-BRCA1 axis confers synthetic lethality to PARP inhibition in metastatic castration-resistant prostate cancer,1.0,prad_cpcg_2017,,
28199314,41102727,PMC12533323,10.1186/s13000-025-01721-3,2025,Diagnostic pathology,EWSR1::BEND2 fusion sarcoma of the urinary bladder - a case report and review of literature,1.0,panet_arcnet_2017,,
28445112,41137179,PMC12553238,10.1186/s13073-025-01556-z,2025,Genome medicine,Genomic landscape of endometrial polyps,1.0,nsclc_tracerx_2017,,
28927585,41062477,PMC12508145,10.1038/s41467-025-64005-w,2025,Nature communications,Combined SNPs sequencing and allele specific proteomics capture reveal functional causality underpinning the 2p25 prostate cancer susceptibility locus,1.0,prad_eururol_2017,,
29489754,40857049,PMC12541558,10.1002/ijc.70097,2025,International journal of cancer,Germline variants observed in pediatric cancer patients related to hereditary breast and ovarian cancer in adults,1.0,pediatric_dkfz_2017,,
30643250,41103502,PMC12521747,10.17179/excli2025-8563,2025,EXCLI journal,Advancing cancer research through 3D cell culture models,1.0,brca_tcga_pan_can_atlas_2018;cesc_tcga_pan_can_atlas_2018;coadread_tcga_pan_can_atlas_2018;gbm_tcga_pan_can_atlas_2018;hnsc_tcga_pan_can_atlas_2018;kirc_tcga_pan_can_atlas_2018;kirp_tcga_pan_can_atlas_2018;lgg_tcga_pan_can_atlas_2018;lihc_tcga_pan_can_atlas_2018;luad_tcga_pan_can_atlas_2018;lusc_tcga_pan_can_atlas_2018;ov_tcga_pan_can_atlas_2018;paad_tcga_pan_can_atlas_2018;pcpg_tcga_pan_can_atlas_2018;prad_tcga_pan_can_atlas_2018;skcm_tcga_pan_can_atlas_2018;thca_tcga_pan_can_atlas_2018;ucec_tcga_pan_can_atlas_2018,,
32015526,40970133,PMC12443039,10.1101/2025.08.13.670169,2025,bioRxiv : the preprint server for biology,A prognostic signature for lung adenocarcinoma in people who have never smoked,1.0,luad_oncosg_2020,,luad_oncosg_2020
32042194,41113956,PMC12534164,10.1155/tbj/7158762,2025,The breast journal,"Characteristics, Outcomes, and Risk Factors in Primary and Secondary Angiosarcoma: A Retrospective Cohort Study",1.0,angs_project_painter_2018,angs_project_painter_2018,
32888432,41125935,PMC12545938,10.1007/s00432-025-06341-4,2025,Journal of cancer research and clinical oncology,CGREF1 promotes cancer cell migration and predicts poor prognosis in colorectal cancer,1.0,coadread_cass_2020,coadread_cass_2020,
35121966,41057477,PMC12504664,10.1038/s42003-025-08727-z,2025,Communications biology,OncoMark: a high-throughput neural multi-task learning framework for comprehensive cancer hallmark quantification,1.0,pog570_bcgsc_2020,,pog570_bcgsc_2020
36334560,40896366,PMC12390932,10.1016/j.omton.2025.201028,2025,Molecular therapy. Oncology,CHEK1 is a synthetic lethal interactor of FBXO7 in colonic epithelial cells,1.0,acc_tcga_pan_can_atlas_2018;blca_tcga_pan_can_atlas_2018;brca_tcga_pan_can_atlas_2018;cesc_tcga_pan_can_atlas_2018;chol_tcga_pan_can_atlas_2018;coadread_tcga_pan_can_atlas_2018;dlbc_tcga_pan_can_atlas_2018;esca_tcga_pan_can_atlas_2018;gbm_tcga_pan_can_atlas_2018;hnsc_tcga_pan_can_atlas_2018;kich_tcga_pan_can_atlas_2018;kirc_tcga_pan_can_atlas_2018;kirp_tcga_pan_can_atlas_2018;laml_tcga_pan_can_atlas_2018;lgg_tcga_pan_can_atlas_2018;lihc_tcga_pan_can_atlas_2018;luad_tcga_pan_can_atlas_2018;lusc_tcga_pan_can_atlas_2018;meso_tcga_pan_can_atlas_2018;ov_tcga_pan_can_atlas_2018;paad_tcga_pan_can_atlas_2018;pcpg_tcga_pan_can_atlas_2018;prad_tcga_pan_can_atlas_2018;sarc_tcga_pan_can_atlas_2018;skcm_tcga_pan_can_atlas_2018;stad_tcga_pan_can_atlas_2018;tgct_tcga_pan_can_atlas_2018;thca_tcga_pan_can_atlas_2018;thym_tcga_pan_can_atlas_2018;ucec_tcga_pan_can_atlas_2018;ucs_tcga_pan_can_atlas_2018;uvm_tcga_pan_can_atlas_2018,,coadread_tcga_pan_can_atlas_2018
38355797,41118283,PMC12548999,10.1097/HC9.0000000000000837,2025,Hepatology communications,Lipid metabolism in cancer cells: Its role in hepatocellular carcinoma progression and therapeutic resistance,1.0,hcc_clca_2024,,
